samuel , 102 , jugo de moras , 26 , 9586
julian , 131 , pan con pavo , 89 , 1679
lucio , 106 , pan con pollo , 7 , 8165
jorge , 132 , pan con pavo , 27 , 2138
juan , 98 , pan con huevo , 98 , 8057
pepe , 136 , jugo de manzana , 21 , 7671
giovanni , 102 , pan con pollo , 5 , 2454
pepe , 113 , jugo de moras , 51 , 8500
giovanni , 131 , jugo de manzana , 1 , 1563
joshua , 81 , pan con pollo , 97 , 4390
joshua , 138 , pollo y papas , 68 , 7582
samuel , 114 , pollo y papas , 56 , 306
sandro , 63 , jugo de manzana , 89 , 3046
sandro , 63 , pan con pollo , 43 , 1416
juan , 67 , pan con pavo , 43 , 7366
juan , 108 , jugo de manzana , 18 , 1652
joshua , 77 , hamburguesa de pollo , 8 , 9223
sandro , 142 , pan con pollo , 6 , 4746
lucio , 89 , jugo de manzana , 98 , 7703
pepe , 102 , hamburguesa de pollo , 85 , 2692
lucio , 98 , pan con pavo , 17 , 2360
joshua , 140 , pan con huevo , 91 , 3376
pepe , 144 , pan con pavo , 40 , 4780
luis , 76 , pan con pollo , 13 , 1382
joshua , 110 , pollo y papas , 10 , 7337
samuel , 136 , jugo de moras , 39 , 5334
giovanni , 116 , hamburguesa de pollo , 75 , 7537
jose , 59 , pan con pavo , 82 , 502
joshua , 94 , pollo y papas , 75 , 3261
lucio , 92 , hamburguesa de pollo , 7 , 8644
julian , 128 , jugo de moras , 59 , 5771
joshua , 87 , pollo y papas , 33 , 6969
samuel , 91 , jugo de manzana , 78 , 1925
luis , 92 , hamburguesa de pollo , 39 , 647
pepe , 127 , hamburguesa de pollo , 1 , 310
lucio , 87 , pan con pavo , 18 , 8837
luis , 88 , jugo de manzana , 21 , 1166
juan , 117 , pan con pavo , 87 , 6588
joshua , 74 , pan con huevo , 94 , 7265
joshua , 109 , pan con huevo , 24 , 3625
giovanni , 75 , hamburguesa de pollo , 8 , 4847
jose , 50 , hamburguesa de pollo , 10 , 9345
sandro , 57 , pan con pavo , 91 , 5093
joshua , 55 , pollo y papas , 95 , 829
pepe , 94 , pan con pollo , 24 , 9894
pepe , 65 , pan con pavo , 28 , 582
luis , 101 , pan con huevo , 72 , 171
giovanni , 100 , pan con pavo , 1 , 9274
juan , 109 , hamburguesa de pollo , 84 , 3574
pepe , 84 , pollo y papas , 51 , 7495
joshua , 85 , pan con huevo , 45 , 8685
luis , 82 , pan con pavo , 91 , 9962
sandro , 71 , pollo y papas , 11 , 8788
joshua , 64 , pan con pavo , 53 , 1482
samuel , 125 , jugo de manzana , 20 , 9932
pepe , 87 , pollo y papas , 17 , 9659
jorge , 86 , jugo de moras , 17 , 9498
samuel , 110 , hamburguesa de pollo , 28 , 7333
luis , 87 , jugo de moras , 19 , 978
luis , 70 , pan con huevo , 40 , 4572
pepe , 73 , jugo de moras , 70 , 2232
giovanni , 142 , pan con huevo , 89 , 2179
lucio , 47 , pollo y papas , 60 , 92
pepe , 136 , jugo de manzana , 55 , 1141
joshua , 68 , pollo y papas , 3 , 2048
lucio , 137 , pan con pavo , 1 , 3153
pepe , 69 , jugo de moras , 98 , 8879
jorge , 135 , pan con pollo , 100 , 1135
jorge , 106 , jugo de moras , 51 , 7735
jose , 135 , pan con huevo , 9 , 8182
pepe , 117 , pan con huevo , 70 , 8257
joshua , 130 , jugo de manzana , 84 , 2308
sandro , 141 , pan con pavo , 46 , 736
samuel , 88 , pan con pavo , 49 , 2124
luis , 143 , jugo de manzana , 63 , 3248
pepe , 134 , jugo de manzana , 2 , 332
samuel , 72 , pan con pavo , 65 , 5342
jose , 133 , pan con pavo , 12 , 2050
juan , 79 , pan con huevo , 2 , 8949
joshua , 68 , jugo de moras , 4 , 1603
samuel , 128 , jugo de moras , 49 , 7456
samuel , 46 , hamburguesa de pollo , 87 , 7881
juan , 123 , pan con pavo , 78 , 6553
joshua , 55 , jugo de manzana , 31 , 8528
luis , 56 , pollo y papas , 75 , 6665
giovanni , 121 , pan con pollo , 50 , 479
pepe , 87 , pan con pavo , 7 , 5586
joshua , 88 , pan con pavo , 4 , 7724
pepe , 59 , hamburguesa de pollo , 60 , 2283
pepe , 106 , pan con pollo , 22 , 1713
julian , 94 , pan con pavo , 20 , 2460
pepe , 139 , pan con pollo , 38 , 3116
pepe , 59 , pollo y papas , 57 , 9721
sandro , 74 , hamburguesa de pollo , 65 , 2473
luis , 119 , jugo de moras , 65 , 8148
joshua , 68 , hamburguesa de pollo , 90 , 4356
julian , 47 , pollo y papas , 19 , 94
julian , 78 , jugo de manzana , 98 , 9881
jose , 129 , pollo y papas , 62 , 4450
pepe , 127 , pan con pavo , 17 , 2188
sandro , 68 , hamburguesa de pollo , 8 , 1707
juan , 133 , pan con pollo , 8 , 3536
giovanni , 110 , pan con huevo , 82 , 595
juan , 109 , pan con pollo , 40 , 9250
jose , 92 , pan con huevo , 65 , 7329
jose , 96 , jugo de manzana , 97 , 2520
julian , 48 , pollo y papas , 87 , 1917
sandro , 67 , pollo y papas , 68 , 4215
giovanni , 123 , pan con pavo , 38 , 8159
julian , 112 , hamburguesa de pollo , 43 , 2039
juan , 62 , hamburguesa de pollo , 74 , 8399
pepe , 119 , jugo de manzana , 20 , 7751
samuel , 102 , pan con pollo , 37 , 7906
juan , 103 , pan con pavo , 19 , 6860
jose , 99 , hamburguesa de pollo , 70 , 4806
joshua , 60 , jugo de manzana , 41 , 8685
joshua , 49 , jugo de manzana , 3 , 5019
pepe , 75 , hamburguesa de pollo , 81 , 7144
pepe , 101 , jugo de manzana , 49 , 2477
jose , 94 , pan con pollo , 70 , 7295
jose , 129 , jugo de manzana , 48 , 4306
luis , 68 , jugo de moras , 74 , 3239
julian , 72 , pan con huevo , 9 , 75
julian , 123 , pan con huevo , 47 , 2288
giovanni , 106 , pan con huevo , 86 , 8750
jose , 74 , pan con huevo , 75 , 5051
luis , 143 , jugo de manzana , 28 , 3824
julian , 60 , hamburguesa de pollo , 65 , 4676
pepe , 86 , pan con pollo , 36 , 7221
samuel , 90 , hamburguesa de pollo , 19 , 3745
julian , 106 , pollo y papas , 7 , 7900
jose , 96 , hamburguesa de pollo , 99 , 6659
sandro , 46 , jugo de moras , 56 , 7197
julian , 132 , pan con pavo , 24 , 7889
pepe , 77 , pan con pavo , 12 , 6725
lucio , 140 , pan con huevo , 10 , 3190
giovanni , 95 , pan con huevo , 67 , 6528
luis , 65 , jugo de manzana , 7 , 9183
jorge , 93 , hamburguesa de pollo , 24 , 1871
juan , 123 , pollo y papas , 47 , 6615
samuel , 96 , pan con pavo , 79 , 7302
samuel , 89 , pan con pavo , 16 , 6465
jose , 126 , pollo y papas , 22 , 6046
lucio , 65 , jugo de manzana , 50 , 9181
sandro , 107 , jugo de moras , 38 , 210
luis , 129 , pan con huevo , 18 , 387
samuel , 112 , hamburguesa de pollo , 79 , 6158
jose , 58 , pan con pavo , 17 , 9465
julian , 66 , pan con huevo , 61 , 3060
juan , 74 , pan con huevo , 56 , 5180
sandro , 85 , jugo de manzana , 34 , 3085
sandro , 89 , pan con pavo , 19 , 7983
lucio , 72 , pan con huevo , 51 , 748
pepe , 104 , jugo de manzana , 32 , 1677
samuel , 90 , hamburguesa de pollo , 39 , 2818
joshua , 69 , pan con huevo , 65 , 8664
jorge , 59 , hamburguesa de pollo , 47 , 1435
jose , 132 , jugo de moras , 73 , 5140
joshua , 72 , pan con pollo , 9 , 1062
luis , 59 , pollo y papas , 18 , 9736
sandro , 47 , hamburguesa de pollo , 63 , 5614
lucio , 107 , pan con huevo , 83 , 2053
julian , 129 , jugo de manzana , 3 , 1012
julian , 96 , pan con pollo , 35 , 720
jorge , 72 , pan con huevo , 39 , 1281
luis , 69 , pollo y papas , 76 , 6182
sandro , 96 , jugo de moras , 50 , 248
giovanni , 97 , hamburguesa de pollo , 52 , 9069
juan , 132 , hamburguesa de pollo , 20 , 1253
lucio , 121 , pan con pollo , 62 , 1310
pepe , 94 , hamburguesa de pollo , 16 , 3100
samuel , 93 , pan con huevo , 46 , 3176
joshua , 132 , pan con pollo , 74 , 9132
joshua , 98 , jugo de manzana , 75 , 7091
pepe , 130 , pan con pavo , 93 , 7791
lucio , 123 , pan con huevo , 64 , 2479
pepe , 127 , jugo de manzana , 9 , 3448
lucio , 122 , hamburguesa de pollo , 89 , 8813
sandro , 123 , hamburguesa de pollo , 87 , 4229
samuel , 100 , pan con pavo , 12 , 1405
giovanni , 83 , pollo y papas , 66 , 7407
samuel , 137 , pollo y papas , 3 , 7989
luis , 103 , pan con pollo , 50 , 3809
julian , 126 , pollo y papas , 31 , 1750
sandro , 68 , pan con huevo , 65 , 9501
luis , 117 , pollo y papas , 15 , 5647
giovanni , 47 , pan con huevo , 49 , 4443
pepe , 141 , pan con huevo , 79 , 1412
jorge , 87 , jugo de manzana , 17 , 72
pepe , 121 , pan con pollo , 29 , 4890
joshua , 69 , pollo y papas , 67 , 2178
pepe , 81 , pollo y papas , 24 , 5070
pepe , 136 , pan con pollo , 32 , 8482
giovanni , 127 , jugo de manzana , 47 , 4345
giovanni , 130 , jugo de moras , 41 , 4781
jose , 137 , pollo y papas , 73 , 9271
joshua , 66 , pan con huevo , 76 , 1809
samuel , 54 , pan con pollo , 33 , 4735
jorge , 121 , pan con pavo , 20 , 2047
samuel , 48 , pan con huevo , 32 , 5866
sandro , 86 , pan con huevo , 22 , 9908
samuel , 110 , pan con pollo , 11 , 1403
juan , 102 , jugo de moras , 33 , 3123
luis , 117 , pan con pollo , 29 , 2731
julian , 93 , pollo y papas , 82 , 6340
julian , 81 , pan con pollo , 50 , 3688
julian , 79 , hamburguesa de pollo , 64 , 6823
luis , 76 , jugo de manzana , 76 , 6576
julian , 55 , pan con huevo , 30 , 4955
lucio , 111 , jugo de manzana , 36 , 9179
pepe , 63 , pan con pollo , 26 , 7395
samuel , 50 , hamburguesa de pollo , 64 , 3776
jorge , 133 , hamburguesa de pollo , 78 , 1006
giovanni , 134 , pan con pollo , 67 , 3131
samuel , 72 , pan con pollo , 90 , 8334
pepe , 128 , pollo y papas , 90 , 132
sandro , 105 , jugo de manzana , 88 , 2254
pepe , 72 , pollo y papas , 4 , 5999
lucio , 144 , pollo y papas , 95 , 5151
pepe , 59 , pan con pavo , 65 , 2890
pepe , 48 , jugo de moras , 8 , 4368
jorge , 89 , jugo de manzana , 59 , 3382
pepe , 119 , pan con pollo , 66 , 9547
luis , 47 , pan con pavo , 68 , 8552
sandro , 96 , jugo de moras , 75 , 58
pepe , 75 , pan con pollo , 62 , 1788
samuel , 68 , hamburguesa de pollo , 62 , 2195
pepe , 46 , jugo de manzana , 17 , 3185
pepe , 104 , pan con pollo , 33 , 675
pepe , 143 , pan con pavo , 78 , 2345
juan , 60 , pan con pollo , 48 , 1381
julian , 135 , jugo de manzana , 56 , 5992
jose , 116 , pan con pavo , 64 , 7464
pepe , 45 , jugo de manzana , 70 , 6969
samuel , 98 , pan con pavo , 91 , 7593
pepe , 124 , pollo y papas , 88 , 1164
joshua , 69 , pollo y papas , 42 , 108
pepe , 127 , jugo de manzana , 46 , 7414
joshua , 96 , jugo de manzana , 85 , 1935
pepe , 112 , pan con pavo , 41 , 1068
juan , 121 , pan con huevo , 45 , 5863
lucio , 84 , pan con pavo , 26 , 2921
jorge , 125 , pan con pollo , 46 , 482
julian , 96 , pan con pollo , 10 , 7355
samuel , 138 , pan con pollo , 33 , 5294
samuel , 143 , pan con huevo , 72 , 5090
pepe , 56 , pan con pollo , 50 , 3181
luis , 55 , pan con huevo , 92 , 874
juan , 48 , hamburguesa de pollo , 38 , 4486
samuel , 126 , jugo de moras , 78 , 5208
giovanni , 113 , jugo de manzana , 57 , 4358
lucio , 60 , jugo de moras , 59 , 6963
lucio , 60 , jugo de moras , 52 , 3127
luis , 99 , pan con pollo , 64 , 6623
joshua , 118 , pollo y papas , 6 , 2837
pepe , 80 , hamburguesa de pollo , 4 , 3185
juan , 79 , pan con pavo , 16 , 2825
lucio , 71 , pan con pavo , 13 , 7775
jorge , 72 , hamburguesa de pollo , 29 , 2687
joshua , 136 , jugo de manzana , 96 , 7605
lucio , 91 , pan con huevo , 52 , 7779
lucio , 106 , pollo y papas , 80 , 1961
sandro , 134 , jugo de moras , 32 , 7569
pepe , 104 , pollo y papas , 71 , 1439
juan , 56 , jugo de moras , 29 , 4374
luis , 66 , pollo y papas , 50 , 7142
juan , 97 , pan con pollo , 60 , 4148
giovanni , 61 , pollo y papas , 67 , 322
juan , 138 , pan con huevo , 39 , 713
samuel , 104 , pan con pavo , 26 , 6356
juan , 122 , pan con pavo , 39 , 7520
jose , 91 , jugo de moras , 18 , 7900
pepe , 130 , jugo de manzana , 25 , 2783
pepe , 124 , pan con huevo , 60 , 6476
giovanni , 137 , pollo y papas , 89 , 299
jorge , 115 , pollo y papas , 71 , 8886
lucio , 79 , hamburguesa de pollo , 83 , 8037
juan , 89 , hamburguesa de pollo , 93 , 826
pepe , 66 , pan con pavo , 60 , 3237
juan , 104 , pan con huevo , 1 , 8524
pepe , 131 , jugo de moras , 33 , 9935
juan , 132 , jugo de moras , 86 , 3522
luis , 49 , pan con pavo , 100 , 699
pepe , 103 , jugo de moras , 86 , 690
joshua , 97 , pan con huevo , 52 , 876
joshua , 57 , jugo de manzana , 96 , 321
joshua , 77 , pan con huevo , 92 , 5626
lucio , 72 , jugo de manzana , 65 , 9857
jorge , 45 , pan con pavo , 6 , 3065
jorge , 94 , pan con pavo , 83 , 4558
sandro , 133 , jugo de moras , 22 , 2132
jorge , 142 , jugo de moras , 28 , 9183
pepe , 49 , pan con huevo , 22 , 1520
giovanni , 121 , pan con huevo , 55 , 9002
jose , 82 , pan con pavo , 71 , 2763
jose , 134 , jugo de moras , 96 , 2086
lucio , 113 , jugo de manzana , 66 , 427
juan , 73 , jugo de manzana , 31 , 8824
lucio , 80 , pan con pavo , 66 , 9645
luis , 64 , pollo y papas , 39 , 3559
jose , 70 , hamburguesa de pollo , 33 , 304
pepe , 124 , pan con pollo , 59 , 1069
pepe , 140 , pan con huevo , 50 , 5262
pepe , 106 , hamburguesa de pollo , 9 , 8596
lucio , 63 , pan con pavo , 72 , 8892
lucio , 45 , pollo y papas , 5 , 5136
julian , 90 , hamburguesa de pollo , 79 , 7334
joshua , 98 , pan con huevo , 29 , 3846
pepe , 97 , hamburguesa de pollo , 19 , 7178
samuel , 140 , pan con huevo , 55 , 3135
sandro , 99 , pan con pavo , 90 , 3456
pepe , 73 , jugo de moras , 61 , 9985
luis , 100 , pan con pavo , 83 , 590
joshua , 73 , hamburguesa de pollo , 39 , 4502
sandro , 117 , hamburguesa de pollo , 7 , 3709
luis , 132 , jugo de manzana , 28 , 947
julian , 57 , jugo de moras , 94 , 5692
pepe , 113 , pan con pavo , 50 , 1565
joshua , 125 , pollo y papas , 95 , 1558
samuel , 119 , pan con pavo , 91 , 6268
giovanni , 94 , hamburguesa de pollo , 59 , 854
giovanni , 57 , jugo de manzana , 89 , 4927
joshua , 144 , jugo de moras , 45 , 1170
pepe , 84 , jugo de moras , 23 , 7763
sandro , 131 , pan con huevo , 11 , 2160
jorge , 113 , pollo y papas , 66 , 277
julian , 90 , jugo de moras , 38 , 1942
samuel , 46 , hamburguesa de pollo , 29 , 168
pepe , 67 , pollo y papas , 83 , 8122
joshua , 62 , pollo y papas , 26 , 9463
luis , 91 , pan con pavo , 52 , 160
julian , 53 , hamburguesa de pollo , 30 , 192
juan , 92 , jugo de moras , 32 , 6749
giovanni , 143 , hamburguesa de pollo , 40 , 6265
joshua , 123 , pollo y papas , 42 , 7988
pepe , 88 , pollo y papas , 25 , 5343
jorge , 106 , pan con pavo , 44 , 5624
pepe , 53 , jugo de moras , 94 , 9193
pepe , 108 , hamburguesa de pollo , 94 , 8517
jose , 93 , jugo de moras , 54 , 7528
pepe , 114 , pollo y papas , 14 , 5301
jorge , 143 , pan con pavo , 97 , 8373
samuel , 67 , pollo y papas , 11 , 1621
julian , 101 , jugo de manzana , 53 , 2820
giovanni , 105 , jugo de moras , 60 , 546
samuel , 92 , hamburguesa de pollo , 14 , 2248
pepe , 76 , pollo y papas , 51 , 3229
jorge , 112 , jugo de moras , 58 , 7805
giovanni , 63 , pan con huevo , 40 , 4152
samuel , 96 , jugo de manzana , 42 , 2690
luis , 141 , pan con pavo , 27 , 1561
samuel , 122 , hamburguesa de pollo , 95 , 6321
pepe , 66 , pan con pavo , 85 , 1749
pepe , 97 , hamburguesa de pollo , 11 , 2219
julian , 96 , jugo de moras , 87 , 1339
jose , 135 , jugo de moras , 47 , 7466
pepe , 78 , pan con huevo , 94 , 4602
juan , 118 , pan con pavo , 61 , 9516
samuel , 91 , pan con pollo , 36 , 1233
luis , 91 , jugo de moras , 69 , 262
samuel , 106 , jugo de manzana , 16 , 6528
luis , 88 , pan con pollo , 79 , 2588
luis , 109 , hamburguesa de pollo , 51 , 5437
pepe , 105 , pollo y papas , 25 , 3814
pepe , 51 , pan con pollo , 87 , 9786
julian , 60 , jugo de moras , 71 , 816
lucio , 55 , pan con pavo , 44 , 8589
jorge , 106 , jugo de moras , 14 , 5446
luis , 121 , jugo de manzana , 34 , 8202
pepe , 49 , pan con pollo , 90 , 7795
joshua , 117 , pan con pollo , 32 , 8312
lucio , 101 , jugo de manzana , 76 , 111
samuel , 56 , jugo de manzana , 52 , 2400
pepe , 124 , pollo y papas , 72 , 3196
giovanni , 61 , pan con pavo , 32 , 8345
joshua , 89 , jugo de moras , 63 , 9709
giovanni , 72 , jugo de moras , 34 , 8297
julian , 92 , hamburguesa de pollo , 90 , 6949
jose , 91 , pan con pavo , 86 , 7229
luis , 126 , jugo de manzana , 40 , 2841
julian , 91 , pan con pollo , 31 , 9155
lucio , 46 , pan con pollo , 2 , 1872
lucio , 82 , hamburguesa de pollo , 100 , 483
samuel , 48 , jugo de moras , 27 , 7954
joshua , 109 , pan con pavo , 52 , 2333
luis , 144 , pan con pollo , 32 , 5850
jose , 110 , pan con huevo , 55 , 6167
juan , 121 , pan con pollo , 58 , 1149
joshua , 84 , pan con huevo , 97 , 3930
jorge , 52 , pan con pollo , 37 , 2926
jose , 71 , pan con huevo , 9 , 4052
jose , 61 , pan con huevo , 28 , 7613
jose , 95 , pan con pavo , 96 , 193
giovanni , 140 , jugo de moras , 65 , 9499
jose , 110 , pan con pavo , 46 , 2758
luis , 143 , jugo de manzana , 37 , 3985
joshua , 93 , hamburguesa de pollo , 96 , 8248
luis , 125 , jugo de moras , 72 , 3286
pepe , 103 , pan con huevo , 20 , 11
samuel , 94 , jugo de manzana , 100 , 5790
jose , 143 , pan con pollo , 90 , 108
pepe , 65 , hamburguesa de pollo , 90 , 5091
juan , 138 , jugo de manzana , 12 , 2085
jorge , 73 , hamburguesa de pollo , 49 , 4359
juan , 93 , hamburguesa de pollo , 29 , 5875
samuel , 117 , jugo de manzana , 19 , 5041
sandro , 89 , pan con huevo , 96 , 2616
pepe , 83 , pan con pollo , 25 , 145
samuel , 100 , pollo y papas , 64 , 7219
pepe , 74 , jugo de manzana , 40 , 6563
pepe , 117 , pan con huevo , 27 , 1211
pepe , 46 , jugo de manzana , 31 , 9135
sandro , 80 , pan con pollo , 19 , 6553
samuel , 114 , pan con pollo , 8 , 842
giovanni , 59 , pollo y papas , 31 , 7687
jose , 70 , pan con pollo , 85 , 2541
pepe , 111 , pan con pavo , 94 , 5752
lucio , 126 , pan con pollo , 97 , 3012
julian , 78 , jugo de moras , 9 , 8401
lucio , 56 , pan con pollo , 71 , 403
pepe , 107 , hamburguesa de pollo , 18 , 4323
pepe , 71 , jugo de manzana , 38 , 865
joshua , 66 , pan con huevo , 69 , 3875
giovanni , 116 , pan con pollo , 86 , 9814
lucio , 132 , jugo de moras , 85 , 7459
sandro , 62 , jugo de moras , 93 , 7584
sandro , 72 , jugo de manzana , 73 , 4761
luis , 52 , pan con pavo , 60 , 4539
joshua , 81 , jugo de moras , 97 , 9462
giovanni , 92 , pan con pavo , 48 , 1943
jose , 84 , jugo de manzana , 4 , 806
juan , 94 , jugo de moras , 15 , 1152
jose , 111 , pan con pollo , 59 , 3072
juan , 57 , jugo de manzana , 57 , 1311
luis , 126 , hamburguesa de pollo , 39 , 1645
luis , 49 , hamburguesa de pollo , 80 , 6230
julian , 131 , jugo de moras , 49 , 2228
pepe , 139 , pollo y papas , 91 , 9960
jorge , 112 , pollo y papas , 51 , 712
pepe , 58 , pollo y papas , 73 , 4278
joshua , 60 , pan con huevo , 41 , 3396
pepe , 66 , pan con huevo , 40 , 5131
sandro , 83 , pan con pavo , 99 , 1579
jorge , 61 , pollo y papas , 5 , 2965
pepe , 124 , hamburguesa de pollo , 99 , 4063
luis , 66 , hamburguesa de pollo , 52 , 1631
sandro , 129 , pollo y papas , 3 , 912
pepe , 62 , pollo y papas , 67 , 5490
sandro , 136 , pan con huevo , 70 , 7866
jorge , 101 , pan con pollo , 17 , 6977
pepe , 119 , pan con huevo , 98 , 7232
pepe , 108 , pan con huevo , 89 , 8325
pepe , 58 , pollo y papas , 2 , 142
joshua , 78 , jugo de moras , 91 , 7848
luis , 88 , jugo de moras , 33 , 2550
joshua , 53 , pan con huevo , 3 , 4037
giovanni , 98 , pollo y papas , 33 , 468
jose , 62 , pan con huevo , 71 , 4770
julian , 68 , hamburguesa de pollo , 57 , 4387
joshua , 63 , pan con pollo , 56 , 2504
juan , 103 , pollo y papas , 79 , 7081
pepe , 98 , pan con pollo , 51 , 6440
sandro , 129 , pan con huevo , 66 , 669
julian , 50 , jugo de moras , 95 , 1429
giovanni , 111 , jugo de moras , 15 , 8166
luis , 144 , pan con pollo , 52 , 2772
sandro , 135 , pan con pollo , 68 , 9106
samuel , 90 , hamburguesa de pollo , 36 , 420
sandro , 57 , jugo de moras , 31 , 3679
jose , 82 , pollo y papas , 56 , 3708
joshua , 134 , jugo de manzana , 81 , 53
jorge , 67 , pan con pavo , 53 , 156
lucio , 102 , pan con huevo , 18 , 6707
giovanni , 88 , pan con huevo , 97 , 1696
samuel , 113 , jugo de manzana , 56 , 3954
julian , 50 , pan con pavo , 68 , 423
samuel , 106 , pan con pollo , 49 , 6815
samuel , 108 , jugo de moras , 15 , 1512
samuel , 64 , pan con pavo , 9 , 725
samuel , 70 , pan con pollo , 51 , 8415
julian , 53 , pollo y papas , 67 , 3873
giovanni , 116 , jugo de manzana , 37 , 8793
sandro , 86 , pollo y papas , 57 , 1067
sandro , 60 , pollo y papas , 10 , 3976
sandro , 141 , jugo de manzana , 9 , 3156
jose , 90 , pollo y papas , 41 , 865
joshua , 135 , jugo de moras , 20 , 7529
jose , 71 , pan con pollo , 43 , 3655
pepe , 73 , jugo de moras , 93 , 6838
jorge , 112 , pan con pollo , 69 , 2297
sandro , 105 , pan con pollo , 72 , 1023
julian , 96 , pan con pollo , 3 , 1957
julian , 75 , jugo de moras , 70 , 2168
jose , 90 , hamburguesa de pollo , 48 , 1670
lucio , 87 , pan con huevo , 81 , 1042
sandro , 109 , pan con pavo , 20 , 1638
jorge , 66 , pan con pavo , 60 , 9169
juan , 108 , jugo de manzana , 35 , 3562
giovanni , 49 , jugo de moras , 79 , 1944
julian , 107 , pollo y papas , 79 , 5897
joshua , 54 , jugo de moras , 72 , 8774
jorge , 81 , pan con pavo , 65 , 1732
julian , 46 , jugo de moras , 7 , 9806
lucio , 56 , jugo de manzana , 47 , 2627
joshua , 113 , pollo y papas , 7 , 829
samuel , 91 , pan con pollo , 84 , 9697
julian , 62 , jugo de moras , 65 , 8718
giovanni , 73 , hamburguesa de pollo , 78 , 8024
pepe , 102 , pollo y papas , 87 , 4576
jorge , 93 , hamburguesa de pollo , 52 , 7455
jorge , 87 , pan con pavo , 72 , 4986
lucio , 142 , hamburguesa de pollo , 83 , 9737
lucio , 72 , jugo de manzana , 2 , 7219
sandro , 50 , hamburguesa de pollo , 100 , 5588
jorge , 98 , hamburguesa de pollo , 38 , 302
samuel , 52 , pan con pollo , 21 , 695
pepe , 47 , hamburguesa de pollo , 38 , 9774
joshua , 67 , jugo de moras , 44 , 1057
lucio , 90 , jugo de manzana , 51 , 782
luis , 107 , pan con huevo , 10 , 3312
giovanni , 54 , pollo y papas , 73 , 759
samuel , 107 , pan con pavo , 62 , 9178
jose , 56 , pan con huevo , 17 , 2188
juan , 59 , pan con pollo , 7 , 166
jose , 65 , pan con pavo , 81 , 5963
julian , 62 , pan con pavo , 56 , 1141
samuel , 121 , pan con pollo , 26 , 1742
giovanni , 51 , pan con pavo , 10 , 6375
julian , 72 , jugo de manzana , 23 , 888
joshua , 91 , hamburguesa de pollo , 33 , 5539
luis , 89 , jugo de moras , 68 , 2389
jose , 100 , pan con pollo , 20 , 7598
giovanni , 128 , jugo de manzana , 12 , 6244
giovanni , 122 , pan con huevo , 51 , 869
pepe , 85 , jugo de manzana , 52 , 3060
juan , 83 , jugo de moras , 17 , 4438
juan , 121 , jugo de moras , 16 , 4917
juan , 121 , pan con pavo , 4 , 2034
giovanni , 86 , pollo y papas , 18 , 7155
jose , 83 , pollo y papas , 53 , 3793
joshua , 45 , pan con pollo , 78 , 4522
luis , 85 , pan con pollo , 40 , 591
pepe , 102 , pollo y papas , 88 , 8238
samuel , 96 , pan con pavo , 21 , 8541
luis , 111 , pan con huevo , 51 , 6838
sandro , 144 , pan con pollo , 15 , 2264
pepe , 140 , pan con huevo , 82 , 3464
joshua , 144 , pollo y papas , 98 , 554
julian , 130 , hamburguesa de pollo , 71 , 1046
pepe , 81 , pan con huevo , 43 , 6495
luis , 79 , pollo y papas , 84 , 965
julian , 68 , jugo de manzana , 85 , 1080
juan , 67 , jugo de manzana , 12 , 1899
samuel , 108 , pan con huevo , 88 , 6052
juan , 128 , hamburguesa de pollo , 41 , 1246
giovanni , 77 , pan con pavo , 30 , 8676
juan , 133 , jugo de moras , 98 , 4350
samuel , 80 , pan con huevo , 6 , 829
pepe , 108 , pan con pollo , 48 , 5416
joshua , 64 , pan con pollo , 57 , 899
lucio , 101 , jugo de moras , 96 , 233
sandro , 130 , jugo de manzana , 3 , 2189
lucio , 138 , hamburguesa de pollo , 52 , 9120
lucio , 53 , pan con huevo , 67 , 1963
sandro , 74 , jugo de moras , 71 , 2225
jose , 63 , jugo de moras , 61 , 3195
sandro , 138 , pollo y papas , 8 , 2954
juan , 140 , pollo y papas , 94 , 6221
giovanni , 62 , jugo de manzana , 80 , 4697
sandro , 84 , pollo y papas , 62 , 3228
giovanni , 74 , hamburguesa de pollo , 23 , 5309
pepe , 115 , pan con huevo , 100 , 2798
joshua , 57 , jugo de manzana , 98 , 1239
samuel , 128 , jugo de manzana , 35 , 6202
pepe , 130 , pollo y papas , 53 , 4005
julian , 118 , pan con huevo , 64 , 717
giovanni , 60 , jugo de manzana , 22 , 8225
luis , 130 , hamburguesa de pollo , 89 , 5346
pepe , 127 , pan con pollo , 84 , 9384
joshua , 113 , pollo y papas , 41 , 4362
sandro , 97 , pan con pavo , 98 , 2653
giovanni , 112 , jugo de manzana , 26 , 4950
giovanni , 83 , pan con pollo , 49 , 5710
jose , 62 , pan con huevo , 86 , 156
luis , 122 , pan con pollo , 12 , 6492
jorge , 104 , pan con pavo , 48 , 3015
juan , 123 , jugo de moras , 78 , 1377
sandro , 129 , jugo de manzana , 94 , 5000
juan , 68 , jugo de manzana , 19 , 2307
pepe , 61 , jugo de moras , 15 , 869
jorge , 111 , jugo de manzana , 95 , 314
pepe , 104 , pollo y papas , 30 , 2816
luis , 65 , pan con pollo , 98 , 8516
jorge , 57 , pan con pollo , 68 , 4766
jose , 114 , pan con pollo , 34 , 2808
sandro , 139 , pan con pollo , 16 , 1395
joshua , 80 , pan con pavo , 45 , 264
pepe , 77 , jugo de moras , 96 , 2175
jose , 142 , pan con huevo , 8 , 5467
pepe , 118 , hamburguesa de pollo , 86 , 963
jorge , 144 , pan con pavo , 65 , 8600
joshua , 49 , pollo y papas , 62 , 2805
luis , 78 , pan con huevo , 9 , 2898
jose , 57 , hamburguesa de pollo , 51 , 531
pepe , 51 , pan con huevo , 66 , 8410
samuel , 141 , pollo y papas , 8 , 2045
joshua , 139 , jugo de moras , 72 , 6949
giovanni , 68 , jugo de manzana , 80 , 2817
samuel , 53 , pan con pollo , 78 , 7904
luis , 139 , pan con pollo , 64 , 820
pepe , 112 , pan con pavo , 88 , 567
samuel , 58 , pan con huevo , 10 , 1662
pepe , 112 , hamburguesa de pollo , 56 , 465
pepe , 123 , hamburguesa de pollo , 66 , 1118
julian , 93 , pollo y papas , 78 , 9336
lucio , 101 , pollo y papas , 6 , 541
giovanni , 129 , jugo de manzana , 99 , 6257
sandro , 72 , jugo de manzana , 13 , 4560
jose , 77 , pan con huevo , 87 , 8836
luis , 83 , hamburguesa de pollo , 6 , 8151
samuel , 76 , hamburguesa de pollo , 21 , 3304
joshua , 133 , pan con huevo , 11 , 3864
lucio , 75 , jugo de manzana , 55 , 287
jorge , 64 , pan con pavo , 3 , 4855
sandro , 116 , pan con huevo , 11 , 1928
jose , 131 , jugo de moras , 53 , 5070
samuel , 62 , jugo de moras , 39 , 7789
giovanni , 117 , hamburguesa de pollo , 87 , 8118
jose , 122 , pan con huevo , 41 , 3004
samuel , 80 , pan con pavo , 99 , 8196
pepe , 80 , pan con huevo , 83 , 9403
julian , 117 , pan con huevo , 5 , 3995
pepe , 51 , jugo de manzana , 29 , 7172
lucio , 144 , jugo de manzana , 3 , 9145
pepe , 86 , pan con pollo , 28 , 8855
giovanni , 53 , jugo de moras , 93 , 6761
pepe , 131 , jugo de manzana , 84 , 2671
lucio , 90 , pollo y papas , 16 , 29
giovanni , 49 , pan con pollo , 48 , 7339
lucio , 72 , pollo y papas , 49 , 9288
giovanni , 96 , jugo de moras , 53 , 649
lucio , 61 , hamburguesa de pollo , 41 , 6298
joshua , 106 , jugo de moras , 63 , 5961
joshua , 131 , hamburguesa de pollo , 21 , 731
julian , 67 , pan con pollo , 25 , 4984
giovanni , 120 , pan con pavo , 19 , 3854
samuel , 85 , pan con huevo , 69 , 7909
lucio , 102 , pan con pollo , 82 , 5671
jose , 46 , hamburguesa de pollo , 98 , 3936
lucio , 59 , pollo y papas , 16 , 184
juan , 128 , pan con pollo , 40 , 782
luis , 56 , pollo y papas , 34 , 1424
jorge , 122 , pan con huevo , 92 , 4369
pepe , 64 , jugo de moras , 9 , 3806
luis , 56 , pan con pavo , 17 , 936
sandro , 72 , hamburguesa de pollo , 58 , 4866
jorge , 114 , jugo de manzana , 45 , 6598
pepe , 142 , jugo de manzana , 45 , 8212
sandro , 133 , hamburguesa de pollo , 73 , 398
pepe , 64 , pan con pavo , 24 , 2009
jorge , 136 , hamburguesa de pollo , 17 , 3270
sandro , 68 , pan con pollo , 3 , 1351
pepe , 121 , jugo de moras , 69 , 9175
pepe , 101 , hamburguesa de pollo , 7 , 1316
sandro , 75 , hamburguesa de pollo , 93 , 893
jose , 60 , pollo y papas , 85 , 8398
sandro , 80 , pan con pollo , 10 , 1335
joshua , 132 , jugo de moras , 40 , 2764
lucio , 62 , jugo de manzana , 94 , 5293
samuel , 117 , hamburguesa de pollo , 94 , 8994
juan , 122 , jugo de moras , 22 , 2733
jorge , 60 , pollo y papas , 23 , 8610
sandro , 135 , jugo de manzana , 65 , 5027
lucio , 82 , pan con pavo , 30 , 7162
jorge , 90 , hamburguesa de pollo , 27 , 3735
luis , 137 , pollo y papas , 46 , 1353
samuel , 106 , pan con huevo , 65 , 8585
giovanni , 117 , pan con pollo , 52 , 1710
samuel , 89 , pollo y papas , 28 , 8641
jorge , 116 , pollo y papas , 52 , 8562
giovanni , 64 , pan con huevo , 25 , 1606
lucio , 104 , jugo de manzana , 24 , 2691
samuel , 73 , jugo de moras , 70 , 6359
joshua , 55 , jugo de manzana , 38 , 5760
luis , 67 , pan con huevo , 31 , 5478
pepe , 137 , jugo de moras , 33 , 4381
samuel , 97 , pollo y papas , 40 , 4544
julian , 126 , jugo de manzana , 17 , 5817
luis , 127 , pan con pollo , 69 , 766
juan , 104 , hamburguesa de pollo , 33 , 2618
jose , 104 , pan con pollo , 70 , 3405
pepe , 111 , jugo de manzana , 64 , 7216
giovanni , 46 , hamburguesa de pollo , 99 , 1296
julian , 144 , jugo de moras , 15 , 8652
joshua , 113 , pan con pavo , 7 , 2022
pepe , 111 , jugo de manzana , 20 , 2956
sandro , 48 , jugo de manzana , 4 , 9583
pepe , 51 , hamburguesa de pollo , 45 , 7256
samuel , 79 , hamburguesa de pollo , 49 , 475
joshua , 109 , pan con pollo , 31 , 235
samuel , 58 , pan con huevo , 85 , 2190
pepe , 79 , jugo de manzana , 63 , 4707
pepe , 113 , pan con huevo , 4 , 6289
julian , 99 , jugo de moras , 94 , 2701
samuel , 125 , pan con pollo , 35 , 7864
lucio , 83 , hamburguesa de pollo , 31 , 2110
pepe , 112 , jugo de manzana , 87 , 4042
jorge , 67 , pollo y papas , 49 , 7590
luis , 70 , hamburguesa de pollo , 79 , 3820
pepe , 47 , jugo de moras , 86 , 7395
sandro , 139 , hamburguesa de pollo , 31 , 8800
sandro , 131 , pan con pavo , 2 , 7348
lucio , 118 , pan con huevo , 60 , 1287
joshua , 106 , jugo de moras , 2 , 8204
samuel , 114 , pan con pavo , 88 , 1161
jorge , 104 , jugo de moras , 98 , 7467
jorge , 121 , pollo y papas , 84 , 1250
luis , 114 , jugo de manzana , 65 , 6206
juan , 55 , jugo de moras , 20 , 690
juan , 128 , jugo de moras , 78 , 256
julian , 128 , pan con huevo , 15 , 5379
sandro , 130 , pollo y papas , 1 , 7253
giovanni , 90 , hamburguesa de pollo , 10 , 8806
samuel , 78 , hamburguesa de pollo , 97 , 2171
pepe , 137 , jugo de moras , 68 , 1954
samuel , 129 , pollo y papas , 64 , 4046
giovanni , 55 , jugo de moras , 4 , 5243
joshua , 50 , jugo de moras , 80 , 5153
jorge , 107 , hamburguesa de pollo , 8 , 8544
sandro , 63 , hamburguesa de pollo , 79 , 1270
pepe , 65 , pan con pavo , 16 , 91
joshua , 53 , jugo de manzana , 90 , 3461
luis , 65 , pan con pollo , 57 , 3909
sandro , 76 , pan con pavo , 91 , 5404
jose , 116 , pan con pavo , 76 , 6769
samuel , 126 , pan con huevo , 30 , 3050
pepe , 93 , pan con huevo , 43 , 7006
lucio , 104 , hamburguesa de pollo , 47 , 3148
julian , 115 , jugo de moras , 100 , 713
pepe , 97 , jugo de moras , 51 , 3925
sandro , 49 , pan con huevo , 49 , 653
sandro , 113 , pollo y papas , 88 , 6089
joshua , 95 , pan con pavo , 52 , 1263
luis , 140 , hamburguesa de pollo , 86 , 8055
jorge , 86 , pan con huevo , 42 , 1563
sandro , 58 , pollo y papas , 17 , 3385
sandro , 51 , hamburguesa de pollo , 30 , 7222
lucio , 116 , pan con pavo , 22 , 7728
giovanni , 58 , pollo y papas , 5 , 938
pepe , 133 , hamburguesa de pollo , 94 , 6825
sandro , 101 , pan con huevo , 90 , 4548
luis , 117 , hamburguesa de pollo , 75 , 1393
samuel , 67 , jugo de manzana , 79 , 5183
giovanni , 92 , jugo de moras , 68 , 4398
julian , 133 , jugo de manzana , 95 , 5038
pepe , 65 , pan con huevo , 72 , 5720
giovanni , 79 , jugo de moras , 8 , 1985
luis , 84 , hamburguesa de pollo , 26 , 8405
giovanni , 96 , jugo de manzana , 72 , 4515
lucio , 62 , pan con pavo , 31 , 3723
jorge , 98 , pan con huevo , 7 , 6874
lucio , 73 , jugo de manzana , 18 , 3756
pepe , 86 , hamburguesa de pollo , 8 , 442
jorge , 50 , pan con pollo , 38 , 7152
jose , 81 , pan con pollo , 54 , 1183
juan , 115 , pollo y papas , 93 , 708
lucio , 47 , jugo de moras , 22 , 2996
samuel , 48 , pan con pollo , 3 , 1816
jose , 109 , pan con pavo , 60 , 4095
pepe , 49 , jugo de manzana , 47 , 2829
joshua , 144 , jugo de manzana , 48 , 2335
pepe , 60 , pan con pollo , 62 , 1888
lucio , 64 , pan con pollo , 37 , 913
luis , 69 , pan con pavo , 75 , 7129
jorge , 62 , pan con pollo , 73 , 1731
giovanni , 137 , jugo de manzana , 2 , 9060
samuel , 83 , jugo de manzana , 77 , 2042
juan , 84 , pan con pavo , 98 , 980
julian , 80 , pan con huevo , 53 , 8570
jorge , 122 , pollo y papas , 38 , 7548
jorge , 104 , hamburguesa de pollo , 27 , 1207
luis , 79 , jugo de moras , 62 , 710
samuel , 60 , pollo y papas , 85 , 1357
joshua , 134 , pan con huevo , 90 , 7558
pepe , 97 , pollo y papas , 80 , 3175
jose , 89 , pollo y papas , 87 , 9647
lucio , 109 , pan con pavo , 15 , 5297
juan , 101 , hamburguesa de pollo , 98 , 6536
giovanni , 137 , pan con huevo , 86 , 3850
juan , 51 , hamburguesa de pollo , 24 , 6758
pepe , 63 , pan con pavo , 28 , 5572
samuel , 95 , pan con pavo , 89 , 9602
luis , 74 , jugo de moras , 3 , 1922
luis , 81 , jugo de moras , 59 , 1350
joshua , 124 , pan con huevo , 39 , 6548
lucio , 78 , pan con pavo , 81 , 294
joshua , 100 , pan con huevo , 99 , 3838
giovanni , 58 , pollo y papas , 37 , 9937
samuel , 136 , jugo de manzana , 60 , 2164
pepe , 105 , pollo y papas , 65 , 732
jose , 48 , pan con pollo , 60 , 1797
lucio , 118 , pan con huevo , 99 , 7016
sandro , 74 , jugo de manzana , 62 , 5630
luis , 138 , pan con huevo , 88 , 6203
jose , 92 , pollo y papas , 12 , 1069
luis , 77 , jugo de manzana , 14 , 4006
joshua , 59 , pan con pollo , 45 , 8740
juan , 53 , pan con pollo , 53 , 1088
sandro , 133 , pan con huevo , 59 , 3359
luis , 136 , pan con pavo , 41 , 8737
jorge , 63 , pan con pollo , 28 , 8446
luis , 138 , pollo y papas , 34 , 3894
jorge , 81 , pan con huevo , 30 , 3359
jose , 144 , hamburguesa de pollo , 29 , 2029
juan , 99 , hamburguesa de pollo , 9 , 1957
samuel , 122 , pan con huevo , 6 , 3890
jorge , 51 , jugo de moras , 36 , 8918
samuel , 119 , jugo de moras , 73 , 9135
samuel , 63 , pan con huevo , 77 , 914
samuel , 93 , pan con pollo , 5 , 3710
jose , 68 , pan con pollo , 47 , 3567
giovanni , 46 , jugo de moras , 67 , 6602
jorge , 69 , jugo de moras , 55 , 2522
samuel , 130 , pan con pollo , 78 , 8847
luis , 132 , pan con huevo , 22 , 375
jorge , 122 , jugo de manzana , 29 , 8452
jorge , 56 , pan con huevo , 43 , 9874
sandro , 97 , pan con huevo , 52 , 607
pepe , 132 , jugo de moras , 93 , 7426
jose , 67 , jugo de moras , 4 , 3802
sandro , 92 , pollo y papas , 16 , 8758
luis , 113 , jugo de manzana , 69 , 9423
lucio , 94 , jugo de moras , 69 , 5488
pepe , 66 , hamburguesa de pollo , 66 , 2119
giovanni , 114 , pan con huevo , 58 , 7620
pepe , 70 , hamburguesa de pollo , 83 , 1414
juan , 63 , hamburguesa de pollo , 26 , 542
pepe , 79 , hamburguesa de pollo , 18 , 5454
julian , 92 , pollo y papas , 53 , 3660
joshua , 89 , jugo de moras , 83 , 5525
lucio , 132 , pan con huevo , 81 , 7170
julian , 125 , pan con huevo , 41 , 3260
samuel , 67 , pan con pollo , 19 , 3768
luis , 72 , pollo y papas , 23 , 2468
samuel , 132 , pollo y papas , 38 , 6109
samuel , 103 , pan con pollo , 67 , 9111
luis , 139 , pollo y papas , 71 , 20
pepe , 97 , pan con pollo , 15 , 1731
sandro , 63 , pan con pollo , 57 , 7459
sandro , 136 , jugo de manzana , 7 , 2312
pepe , 135 , jugo de moras , 46 , 748
jose , 105 , pollo y papas , 47 , 3379
julian , 114 , hamburguesa de pollo , 48 , 2877
joshua , 135 , pan con pavo , 10 , 2365
giovanni , 141 , pollo y papas , 77 , 1220
juan , 86 , jugo de manzana , 99 , 7093
lucio , 70 , pan con huevo , 53 , 6087
julian , 122 , jugo de manzana , 25 , 1096
jose , 96 , pan con huevo , 76 , 5561
samuel , 53 , pan con pollo , 75 , 1774
pepe , 119 , jugo de manzana , 17 , 6592
pepe , 91 , pan con pavo , 26 , 1018
pepe , 78 , jugo de manzana , 82 , 5637
samuel , 53 , hamburguesa de pollo , 77 , 7096
pepe , 103 , pollo y papas , 80 , 2655
jose , 118 , jugo de moras , 48 , 7854
luis , 71 , pan con pavo , 45 , 3461
luis , 77 , hamburguesa de pollo , 69 , 9712
julian , 102 , jugo de manzana , 70 , 620
jose , 125 , jugo de moras , 87 , 6050
juan , 110 , jugo de manzana , 88 , 687
jorge , 83 , pan con pavo , 79 , 568
luis , 88 , pollo y papas , 94 , 615
lucio , 125 , jugo de moras , 59 , 4462
sandro , 82 , pan con pollo , 71 , 3439
juan , 113 , pan con huevo , 71 , 479
jorge , 56 , pollo y papas , 18 , 2808
joshua , 74 , pan con pavo , 95 , 4439
pepe , 116 , jugo de moras , 82 , 4818
lucio , 75 , pan con pollo , 16 , 9231
pepe , 47 , pollo y papas , 84 , 7638
giovanni , 61 , pollo y papas , 72 , 6395
julian , 132 , pollo y papas , 1 , 104
luis , 122 , jugo de moras , 70 , 7648
jorge , 45 , jugo de moras , 51 , 5385
luis , 124 , pan con pollo , 26 , 9857
joshua , 124 , pan con huevo , 82 , 6978
juan , 88 , hamburguesa de pollo , 22 , 6178
juan , 98 , pan con pollo , 47 , 2255
sandro , 67 , pan con huevo , 7 , 4766
jose , 88 , pollo y papas , 9 , 3507
jose , 116 , pan con pavo , 99 , 1759
sandro , 56 , pollo y papas , 25 , 623
pepe , 86 , jugo de moras , 14 , 1690
jorge , 135 , jugo de manzana , 52 , 5719
julian , 144 , pan con pollo , 26 , 845
samuel , 75 , pan con pollo , 49 , 6265
jose , 54 , jugo de moras , 10 , 29
jorge , 86 , pollo y papas , 78 , 5836
pepe , 105 , pan con pollo , 16 , 3114
julian , 58 , pan con pavo , 54 , 4458
jorge , 115 , jugo de manzana , 64 , 1155
sandro , 115 , jugo de moras , 74 , 2395
lucio , 74 , hamburguesa de pollo , 99 , 7845
jose , 77 , pollo y papas , 16 , 169
pepe , 138 , pan con pavo , 86 , 4489
pepe , 105 , hamburguesa de pollo , 87 , 5582
luis , 72 , pan con huevo , 71 , 3871
jose , 79 , jugo de manzana , 84 , 6987
pepe , 87 , jugo de manzana , 53 , 8508
giovanni , 81 , jugo de manzana , 58 , 8458
julian , 45 , pan con pavo , 51 , 6890
sandro , 118 , jugo de moras , 16 , 9320
jose , 106 , pan con huevo , 81 , 235
julian , 127 , pan con huevo , 10 , 734
luis , 111 , pollo y papas , 44 , 128
lucio , 87 , jugo de moras , 4 , 2111
joshua , 103 , jugo de manzana , 66 , 7361
joshua , 109 , jugo de manzana , 67 , 6858
lucio , 91 , pan con pavo , 93 , 9208
pepe , 131 , hamburguesa de pollo , 50 , 5865
joshua , 74 , jugo de manzana , 98 , 2123
sandro , 108 , jugo de moras , 38 , 56
jose , 106 , pollo y papas , 58 , 4487
pepe , 63 , jugo de moras , 21 , 6210
joshua , 119 , pan con pavo , 33 , 79
jorge , 58 , pan con pavo , 96 , 7525
sandro , 143 , pollo y papas , 61 , 8427
sandro , 47 , jugo de manzana , 56 , 309
pepe , 86 , pan con pavo , 80 , 6674
pepe , 131 , pan con pollo , 38 , 8335
giovanni , 49 , jugo de manzana , 90 , 4051
jose , 70 , jugo de moras , 60 , 8164
giovanni , 91 , jugo de manzana , 46 , 9199
jose , 59 , pan con huevo , 43 , 8642
lucio , 107 , pollo y papas , 78 , 5793
juan , 88 , jugo de moras , 21 , 5019
julian , 61 , pan con huevo , 83 , 9883
luis , 59 , jugo de manzana , 51 , 4764
sandro , 46 , jugo de manzana , 76 , 94
samuel , 116 , hamburguesa de pollo , 58 , 8505
juan , 47 , pan con pavo , 94 , 7658
pepe , 131 , pan con pavo , 47 , 3105
lucio , 62 , hamburguesa de pollo , 35 , 1413
joshua , 135 , pan con pollo , 51 , 625
juan , 111 , pan con pollo , 45 , 2132
julian , 123 , hamburguesa de pollo , 94 , 834
jose , 64 , jugo de moras , 60 , 7616
giovanni , 126 , jugo de manzana , 97 , 5937
jose , 66 , pan con huevo , 35 , 88
lucio , 138 , hamburguesa de pollo , 63 , 6293
giovanni , 59 , pan con pavo , 66 , 5494
luis , 93 , pan con huevo , 68 , 9388
juan , 87 , jugo de moras , 90 , 5278
giovanni , 131 , pan con pavo , 43 , 770
lucio , 129 , jugo de manzana , 17 , 931
samuel , 84 , pan con huevo , 19 , 3004
julian , 72 , pan con pollo , 90 , 144
sandro , 85 , hamburguesa de pollo , 81 , 2407
giovanni , 104 , jugo de moras , 32 , 1640
lucio , 97 , pollo y papas , 76 , 9801
jose , 86 , hamburguesa de pollo , 53 , 7451
julian , 141 , pollo y papas , 51 , 6535
samuel , 58 , pollo y papas , 82 , 4778
pepe , 129 , jugo de moras , 85 , 9713
juan , 71 , pan con pavo , 76 , 6628
lucio , 106 , hamburguesa de pollo , 92 , 4896
giovanni , 129 , pan con pavo , 56 , 3511
samuel , 111 , pan con pollo , 47 , 6462
samuel , 118 , pan con huevo , 5 , 2187
giovanni , 104 , pan con huevo , 39 , 1999
pepe , 86 , jugo de manzana , 88 , 2560
juan , 139 , jugo de manzana , 45 , 2941
julian , 142 , pan con pollo , 86 , 697
juan , 117 , hamburguesa de pollo , 6 , 6526
giovanni , 54 , pan con huevo , 21 , 767
julian , 100 , pan con huevo , 43 , 691
jorge , 47 , pollo y papas , 77 , 4790
juan , 93 , pollo y papas , 96 , 590
pepe , 58 , jugo de moras , 37 , 9509
giovanni , 133 , jugo de moras , 65 , 9928
jorge , 57 , pollo y papas , 85 , 4629
jose , 100 , hamburguesa de pollo , 3 , 776
luis , 56 , jugo de moras , 3 , 1150
luis , 79 , pollo y papas , 38 , 6320
samuel , 78 , pan con huevo , 9 , 2432
giovanni , 97 , pan con pavo , 57 , 4884
juan , 79 , pollo y papas , 93 , 2487
pepe , 119 , pan con huevo , 9 , 4203
lucio , 135 , jugo de moras , 82 , 5542
sandro , 72 , pan con pollo , 80 , 4547
juan , 93 , jugo de moras , 33 , 2938
juan , 46 , pan con pavo , 82 , 785
samuel , 85 , pan con pavo , 90 , 2561
julian , 88 , jugo de manzana , 39 , 5228
sandro , 102 , pan con pollo , 99 , 7971
pepe , 93 , hamburguesa de pollo , 33 , 4490
giovanni , 89 , pollo y papas , 15 , 1272
joshua , 102 , pan con huevo , 92 , 2219
joshua , 88 , pan con huevo , 14 , 2446
